﻿Code,License Type,Indicator Name,Long definition,Source,Topic,Periodicity,Base Period,Aggregation method,Statistical concept and methodology,Development relevance,Limitations and exceptions,General comments,Other notes,License URL
AG.LND.IRIG.AG.ZS,CC BY-4.0,Agricultural irrigated land (% of total agricultural land),"Agricultural irrigated land refers to agricultural areas purposely provided with water, including land irrigated by controlled flooding.","Food and Agriculture Organization, electronic files and web site.",Environment: Land use,Annual,,Weighted average,"Irrigated agricultural area refers to area equipped to provide water (via artificial means of irrigation such as by diverting streams, flooding, or spraying) to the crops. In non-irrigated agricultural areas, production of crops is dependent on rain-fed irrigation. 

Agricultural land constitutes only a part of any country's total area, which can include areas not suitable for agriculture, such as forests, mountains, and inland water bodies. Agricultural land can also be classified as irrigated and non-irrigated land. In arid and semi-arid countries agriculture is often confined to irrigated land, with very little farming possible in non-irrigated areas.","Worldwide, irrigated agriculture accounts for about four-fifths of global water withdrawals. The share of irrigated land ranges widely, from 4 percent of the total area cropped in Africa to 42 percent in South Asia. The leading countries are India and China with about 30 percent and 52 percent of all cropland irrigated, respectively. Without irrigation and drainage, much of the increases in agricultural output that has fed the world's growing population and stabilized food production would not have been possible.

In the dry sub-humid countries, irrigation is critical for crop production. Due to highly variable rainfall, long dry seasons, and recurrent droughts, dry spells and floods, water management is a key determinant for agricultural production in these regions and is increasingly becoming more important with climate change. World Bank estimates that rainfed agriculture is most significant in Sub-Saharan Africa where it accounts for about 96 percent of the cropland.

Irrigation and drainage continue to be an important source of productivity growth, especially in Sub-Saharan Africa and parts of Latin America that still have large untapped water resources for agriculture. In other regions where the scope for further expanding irrigated agriculture is limited, more efforts are needed to enhance the policy, technical, and governance aspects of agricultural water use.

Agricultural land covers more than one-third of the world's land area. In many industrialized countries, agricultural land is subject to zoning regulations. In the context of zoning, agricultural land (or more properly agriculturally zoned land) refers to plots that may be used for agricultural activities, regardless of the physical type or quality of land. Data on agricultural land are valuable for conducting studies on a various perspectives concerning agricultural production, food security and for deriving cropping intensity among others uses. Agricultural land indicator, along with land-use indicators, can also elucidate the environmental sustainability of countries' agricultural practices.
Agriculture is still a major sector in many economies, and agricultural activities provide developing countries with food and revenue. But agricultural activities also can degrade natural resources. Poor farming practices can cause soil erosion and loss of soil fertility. Efforts to increase productivity by using chemical fertilizers, pesticides, and intensive irrigation have environmental costs and health impacts. Salinization of irrigated land diminishes soil fertility. Thus, inappropriate use of inputs for agricultural production has far-reaching effects.

There is no single correct mix of inputs to the agricultural land, as it is dependent on local climate, land quality, and economic development; appropriate levels and application rates vary by country and over time and depend on the type of crops, the climate and soils, and the production process used.","The data are collected by the Food and Agriculture Organization of the United Nations (FAO) from official national sources through annual questionnaires and are supplemented with information from official secondary data sources. The secondary sources cover official country data from websites of national ministries, national publications and related country data reported by various international organizations.. The FAO tries to impose standard definitions and reporting methods, but complete consistency across countries and over time is not possible. Thus, data on agricultural land in different climates may not be comparable. For example, permanent pastures are quite different in nature and intensity in African countries and dry Middle Eastern countries.",,,https://datacatalog.worldbank.org/public-licenses#cc-by
AG.LND.AGRI.ZS,CC BY-4.0,Agricultural land (% of land area),"Agricultural land refers to the share of land area that is arable, under permanent crops, and under permanent pastures. Arable land includes land defined by the FAO as land under temporary crops (double-cropped areas are counted once), temporary meadows for mowing or for pasture, land under market or kitchen gardens, and land temporarily fallow. Land abandoned as a result of shifting cultivation is excluded. Land under permanent crops is land cultivated with crops that occupy the land for long periods and need not be replanted after each harvest, such as cocoa, coffee, and rubber. This category includes land under flowering shrubs, fruit trees, nut trees, and vines, but excludes land under trees grown for wood or timber. Permanent pasture is land used for five or more years for forage, including natural and cultivated crops.","Food and Agriculture Organization, electronic files and web site.",Environment: Land use,Annual,,Weighted average,"Agriculture is still a major sector in many economies, and agricultural activities provide developing countries with food and revenue. But agricultural activities also can degrade natural resources. Poor farming practices can cause soil erosion and loss of soil fertility. Efforts to increase productivity by using chemical fertilizers, pesticides, and intensive irrigation have environmental costs and health impacts. Excessive use of chemical fertilizers can alter the chemistry of soil. Pesticide poisoning is common in developing countries. And salinization of irrigated land diminishes soil fertility. Thus, inappropriate use of inputs for agricultural production has far-reaching effects.

Agricultural land is also sometimes classified as irrigated and non-irrigated land. In arid and semi-arid countries agriculture is often confined to irrigated land, with very little farming possible in non-irrigated areas. Land abandoned as a result of shifting cultivation is excluded from Arable land.

Data on agricultural land are valuable for conducting studies on a various perspectives concerning agricultural production, food security and for deriving cropping intensity among others uses. Agricultural land indicator, along with land-use indicators, can also elucidate the environmental sustainability of countries' agricultural practices.

Total land area does not include inland water bodies such as major rivers and lakes. Variations from year to year may be due to updated or revised data rather than to change in area.","Agricultural land covers more than one-third of the world's land area, with arable land representing less than one-third of agricultural land (about 10 percent of the world's land area). Agricultural land constitutes only a part of any country's total area, which can include areas not suitable for agriculture, such as forests, mountains, and inland water bodies.

In many industrialized countries, agricultural land is subject to zoning regulations. In the context of zoning, agricultural land (or more properly agriculturally zoned land) refers to plots that may be used for agricultural activities, regardless of the physical type or quality of land.

FAO's agricultural land data contains a wide range of information on variables that are significant for: understanding the structure of a country's agricultural sector; making economic plans and policies for food security; deriving environmental indicators, including those related to investment in agriculture and data on gross crop area and net crop area which are useful for policy formulation and monitoring.

There is no single correct mix of inputs to the agricultural land, as it is dependent on local climate, land quality, and economic development; appropriate levels and application rates vary by country and over time and depend on the type of crops, the climate and soils, and the production process used.","The data are collected by the Food and Agriculture Organization of the United Nations (FAO) from official national sources through annual questionnaires and are supplemented with information from official secondary data sources. The secondary sources cover official country data from websites of national ministries, national publications and related country data reported by various international organizations.. The FAO tries to impose standard definitions and reporting methods, but complete consistency across countries and over time is not possible. Thus, data on agricultural land in different climates may not be comparable. For example, permanent pastures are quite different in nature and intensity in African countries and dry Middle Eastern countries. Data on agricultural employment, in particular, should be used with caution. In many countries much agricultural employment is informal and unrecorded, including substantial work performed by women and children. To address some of these concerns, this indicator is heavily footnoted in the database in sources, definition, and coverage.",,,https://datacatalog.worldbank.org/public-licenses#cc-by
AG.AGR.TRAC.NO,CC BY-4.0,"Agricultural machinery, tractors",Agricultural machinery refers to the number of wheel and crawler tractors (excluding garden tractors) in use in agriculture at the end of the calendar year specified or during the first quarter of the following year.,"Food and Agriculture Organization, electronic files and web site.",Environment: Agricultural production,Annual,,Sum,"A tractor provides the power and traction to mechanize agricultural tasks, especially tillage. Agricultural implements may be towed behind or mounted on the tractor, and the tractor may also provide a source of power if the implement is mechanized. The most common use of the term "tractor" is for the vehicles used on farms. The farm tractor is used for pulling or pushing agricultural machinery or trailers, for plowing, tilling, disking, harrowing, planting, and similar tasks. Planting, tending and harvesting a crop requires both a significant amount of power and a suitable range of tools and equipment. Mechanization of farming has allowed an increase to the area that can be planted and has contributed towards increased yields, mainly due to the precision with which the farming tasks can be accomplished.","Agricultural land covers more than one-third of the world's land area. In many industrialized countries, agricultural land is subject to zoning regulations. In the context of zoning, agricultural land (or more properly agriculturally zoned land) refers to plots that may be used for agricultural activities, regardless of the physical type or quality of land.

A substantial contribution to agriculture in the last century has been the escalation from manual and stock-animal farm work to gas-powered farm equipment. Globally, steel plows, mowers, mechanical reapers, seed drills, and threshers contributed to the development of mechanized agriculture, tractors enabled the farmer to sow and harvest large agricultural lands with less manpower. In modern times, powered machinery such as tractors, has replaced many jobs formerly carried out by men or animals such as oxen, horses and mules. FAO estimates that most farmers in developing countries experience a greater annual expenditure on farm power inputs than on fertilizer, seeds or agrochemicals.

Agriculture is still a major sector in many economies, and agricultural activities provide developing countries with food and revenue. But agricultural activities also can degrade natural resources as poor farming practices cause soil erosion and loss of soil fertility.

There is no single correct mix of inputs to the agricultural land, as it is dependent on local climate, land quality, and economic development; appropriate levels and application rates vary by country and over time and depend on the type of crops, the climate and soils, and the production process used.","The data are collected by the Food and Agriculture Organization of the United Nations (FAO) through annual questionnaires. The FAO tries to impose standard definitions and reporting methods, but complete consistency across countries and over time is not possible. The data collected from official national sources through the questionnaire are supplemented with information from official secondary data sources. The secondary sources cover official country data from websites of national ministries, national publications and related country data reported by various international organizations.",,,https://datacatalog.worldbank.org/public-licenses#cc-by
AG.LND.AGRI.K2,CC BY-4.0,Agricultural land (sq. km),"Agricultural land refers to the share of land area that is arable, under permanent crops, and under permanent pastures. Arable land includes land defined by the FAO as land under temporary crops (double-cropped areas are counted once), temporary meadows for mowing or for pasture, land under market or kitchen gardens, and land temporarily fallow. Land abandoned as a result of shifting cultivation is excluded. Land under permanent crops is land cultivated with crops that occupy the land for long periods and need not be replanted after each harvest, such as cocoa, coffee, and rubber. This category includes land under flowering shrubs, fruit trees, nut trees, and vines, but excludes land under trees grown for wood or timber. Permanent pasture is land used for five or more years for forage, including natural and cultivated crops.","Food and Agriculture Organization, electronic files and web site.",Environment: Land use,Annual,,Sum,"Agricultural land constitutes only a part of any country's total area, which can include areas not suitable for agriculture, such as forests, mountains, and inland water bodies. Three components of the agricultural land are a) arable land - land defined by the FAO as land under temporary crops (double-cropped areas are counted once), temporary meadows for mowing or for pasture, land under market or kitchen gardens, and land temporarily fallow, b) permanent pasture - land used for five or more years for forage, including natural and cultivated crops, and c) and under permanent crops - land cultivated with crops that occupy the land for long periods and need not be replanted after each harvest, such as cocoa, coffee, and rubber; land under flowering shrubs, fruit trees, nut trees, and vines is included, but land under trees grown for wood or timber is not.

Agricultural land is also sometimes classified as irrigated and non-irrigated land. In arid and semi-arid countries agriculture is often confined to irrigated land, with very little farming possible in non-irrigated areas. Land abandoned as a result of shifting cultivation is excluded from arable land.

Data on agricultural land are valuable for conducting studies on a various perspectives concerning agricultural production, food security and for deriving cropping intensity among others uses. Agricultural land indicator, along with land-use indicators, can also elucidate the environmental sustainability of countries' agricultural practices.","Agricultural land covers more than one-third of the world's land area. In many industrialized countries, agricultural land is subject to zoning regulations. In the context of zoning, agricultural land (or more properly agriculturally zoned land) refers to plots that may be used for agricultural activities, regardless of the physical type or quality of land.

FAO's agricultural land data contains a wide range of information on variables that are significant for understanding the structure of a country's agricultural sector; making economic plans and policies for food security; and deriving environmental indicators, including those related to investment in agriculture and data on gross crop area and net crop area which are useful for policy formulation and monitoring.

Agriculture is still a major sector in many economies, and agricultural activities provide developing countries with food and revenue. But agricultural activities also can degrade natural resources. Poor farming practices can cause soil erosion and loss of soil fertility. Efforts to increase productivity by using chemical fertilizers, pesticides, and intensive irrigation have environmental costs and health impacts. Excessive use of chemical fertilizers can alter the chemistry of soil. Pesticide poisoning is common in developing countries. And salinization of irrigated land diminishes soil fertility. Thus, inappropriate use of inputs for agricultural production has far-reaching effects.

There is no single correct mix of inputs to the agricultural land, as it is dependent on local climate, land quality, and economic development; appropriate levels and application rates vary by country and over time and depend on the type of crops, the climate and soils, and the production process used.","The data are collected by the Food and Agriculture Organization of the United Nations (FAO) through annual questionnaires. The FAO tries to impose standard definitions and reporting methods, but complete consistency across countries and over time is not possible. Thus, data on agricultural land in different climates may not be comparable. For example, permanent pastures are quite different in nature and intensity in African countries and dry Middle Eastern countries. Data on agricultural employment, in particular, should be used with caution. In many countries much agricultural employment is informal and unrecorded, including substantial work performed by women and children. To address some of these concerns, this indicator is heavily footnoted in the database in sources, definition, and coverage. The secondary sources cover official country data from websites of national ministries, national publications and related country data reported by various international organizations.",,,https://datacatalog.worldbank.org/public-licenses#cc-by
AG.LND.TRAC.ZS,CC BY-4.0,"Agricultural machinery, tractors per 100 sq. km of arable land","Agricultural machinery refers to the number of wheel and crawler tractors (excluding garden tractors) in use in agriculture at the end of the calendar year specified or during the first quarter of the following year. Arable land includes land defined by the FAO as land under temporary crops (double-cropped areas are counted once), temporary meadows for mowing or for pasture, land under market or kitchen gardens, and land temporarily fallow. Land abandoned as a result of shifting cultivation is excluded.","Food and Agriculture Organization, electronic files and web site.",Environment: Agricultural production,Annual,,Weighted average,"A tractor provides the power and traction to mechanize agricultural tasks, especially tillage. Agricultural implements may be towed behind or mounted on the tractor, and the tractor may also provide a source of power if the implement is mechanized. The most common use of the term "tractor" is for the vehicles used on farms. The farm tractor is used for pulling or pushing agricultural machinery or trailers, for plowing, tilling, disking, harrowing, planting, and similar tasks. Planting, tending and harvesting a crop requires both a significant amount of power and a suitable range of tools and equipment. Mechanization of farming has allowed an increase to the area that can be planted and has contributed towards increased yields, mainly due to the precision with which the farming tasks can be accomplished.

Agricultural land constitutes only a part of any country's total area, which can include areas not suitable for agriculture, such as forests, mountains, and inland water bodies. Data on agricultural land are valuable for conducting studies on a various perspectives concerning agricultural production, food security and for deriving cropping intensity among others uses. Agricultural land indicator, along with land-use indicators, can also elucidate the environmental sustainability of countries' agricultural practices.","Agricultural land covers more than one-third of the world's land area. In many industrialized countries, agricultural land is subject to zoning regulations. In the context of zoning, agricultural land (or more properly agriculturally zoned land) refers to plots that may be used for agricultural activities, regardless of the physical type or quality of land.

A substantial contribution to agriculture in the last century has been the escalation from manual and stock-animal farm work to gas-powered farm equipment. Globally, steel plows, mowers, mechanical reapers, seed drills, and threshers contributed to the development of mechanized agriculture, tractors enabled the farmer to sow and harvest large agricultural lands with less manpower. In modern times, powered machinery such as tractors, has replaced many jobs formerly carried out by men or animals such as oxen, horses and mules. FAO estimates that most farmers in developing countries experience a greater annual expenditure on farm power inputs than on fertilizer, seeds or agrochemicals.

Agriculture is still a major sector in many economies, and agricultural activities provide developing countries with food and revenue. But agricultural activities also can degrade natural resources as poor farming practices cause soil erosion and loss of soil fertility.

There is no single correct mix of inputs to the agricultural land, as it is dependent on local climate, land quality, and economic development; appropriate levels and application rates vary by country and over time and depend on the type of crops, the climate and soils, and the production process used.","The data are collected by the Food and Agriculture Organization of the United Nations (FAO) through annual questionnaires. The FAO tries to impose standard definitions and reporting methods, but complete consistency across countries and over time is not possible. Thus, data on agricultural land in different climates may not be comparable. For example, permanent pastures are quite different in nature and intensity in African countries and dry Middle Eastern countries. Data on agricultural employment, in particular, should be used with caution. In many countries much agricultural employment is informal and unrecorded, including substantial work performed by women and children. To address some of these concerns, this indicator is heavily footnoted in the database in sources, definition, and coverage.

The data collected from official national sources through the questionnaire are supplemented with information from official secondary data sources. The secondary sources cover official country data from websites of national ministries, national publications and related country data reported by various international organizations.",,,https://datacatalog.worldbank.org/public-licenses#cc-by
EN.ATM.METH.AG.ZS,CC BY-4.0,Agricultural methane emissions (% of total),"Agricultural methane emissions are emissions from animals, animal waste, rice production, agricultural waste burning (nonenergy, on-site), and savanna burning.","World Bank staff estimates from original source: European Commission, Joint Research Centre (JRC)/Netherlands Environmental Assessment Agency (PBL). Emission Database for Global Atmospheric Research (EDGAR): http://edgar.jrc.ec.europa.eu/.",Environment: Emissions,Annual,,Weighted average,"IPCC category 4 = Agriculture. Methane emissions result largely from agricultural activities, industrial production landfills and wastewater treatment, and other sources such as tropical forest and other vegetation fires. The emissions are usually expressed in carbon dioxide equivalents using the global warming potential, which allows the effective contributions of different gases to be compared. A kilogram of methane is 21 times as effective at trapping heat in the earth's atmosphere as a kilogram of carbon dioxide within 100 years.","The addition of man-made greenhouse gases to the Atmosphere disturbs the earth's radiative balance. This is leading to an increase in the earth's surface temperature and to related effects on climate, sea level rise and world agriculture. Emissions of CO2 are from burning oil, coal and gas for energy use, burning wood and waste materials, and from industrial processes such as cement production. Emission intensity is the average emission rate of a given pollutant from a given source relative to the intensity of a specific activity. Emission intensities are also used to compare the environmental impact of different fuels or activities. The related terms - emission factor and carbon intensity - are often used interchangeably.

The carbon dioxide emissions of a country are only an indicator of one greenhouse gas. For a more complete idea of how a country influences climate change, gases such as methane and nitrous oxide should be taken into account. This is particularly important in agricultural economies.

The environmental effects of carbon dioxide are of significant interest. Carbon dioxide (CO2) makes up the largest share of the greenhouse gases contributing to global warming and climate change. Converting all other greenhouse gases (methane (CH4), nitrous oxide (N2O), hydrofluorocarbons (HFCs), perfluorocarbons (PFCs), Sulphur hexafluoride (SF6)) to carbon dioxide (or CO2) equivalents makes it possible to compare them and to determine their individual and total contributions to global warming. The Kyoto Protocol, an environmental agreement adopted in 1997 by many of the parties to the United Nations Framework Convention on Climate Change (UNFCCC), is working towards curbing CO2 emissions globally.","National reporting to the United Nations Framework Convention on Climate Change that follows the Intergovernmental Panel on Climate Change guidelines is based on national emission inventories and covers all sources of anthropogenic carbon dioxide emissions as well as carbon sinks (such as forests). To estimate emissions, the countries that are Parties to the Climate Change Convention (UNFCCC) use complex, state-of-the-art methodologies recommended by the Intergovernmental Panel on Climate Change (IPCC).",,,https://datacatalog.worldbank.org/public-licenses#cc-by
EN.ATM.METH.AG.KT.CE,CC BY-4.0,Agricultural methane emissions (thousand metric tons of CO2 equivalent),"Agricultural methane emissions are emissions from animals, animal waste, rice production, agricultural waste burning (nonenergy, on-site), and savanna burning.","European Commission, Joint Research Centre (JRC)/Netherlands Environmental Assessment Agency (PBL). Emission Database for Global Atmospheric Research (EDGAR): http://edgar.jrc.ec.europa.eu/",Environment: Emissions,Annual,,Sum,"IPCC category 4 = Agriculture. Expressed in CO2 equivalent using the GWP100 metric of the Second Assessment Report of IPCC and include CH4 (GWP100=21). Methane emissions result largely from agricultural activities, industrial production landfills and wastewater treatment, and other sources such as tropical forest and other vegetation fires. The emissions are usually expressed in carbon dioxide equivalents using the global warming potential, which allows the effective contributions of different gases to be compared. A kilogram of methane is 21 times as effective at trapping heat in the earth's atmosphere as a kilogram of carbon dioxide within 100 years. The emissions are usually expressed in carbon dioxide equivalents using the global warming potential, which allows the effective contributions of different gases to be compared.","The addition of man-made greenhouse gases to the Atmosphere disturbs the earth's radiative balance. This is leading to an increase in the earth's surface temperature and to related effects on climate, sea level rise and world agriculture. Emissions of CO2 are from burning oil, coal and gas for energy use, burning wood and waste materials, and from industrial processes such as cement production. Emission intensity is the average emission rate of a given pollutant from a given source relative to the intensity of a specific activity. Emission intensities are also used to compare the environmental impact of different fuels or activities. The related terms - emission factor and carbon intensity - are often used interchangeably.

The carbon dioxide emissions of a country are only an indicator of one greenhouse gas. For a more complete idea of how a country influences climate change, gases such as methane and nitrous oxide should be taken into account. This is particularly important in agricultural economies.

The environmental effects of carbon dioxide are of significant interest. Carbon dioxide (CO2) makes up the largest share of the greenhouse gases contributing to global warming and climate change. Converting all other greenhouse gases (methane (CH4), nitrous oxide (N2O), hydrofluorocarbons (HFCs), perfluorocarbons (PFCs), Sulphur hexafluoride (SF6)) to carbon dioxide (or CO2) equivalents makes it possible to compare them and to determine their individual and total contributions to global warming. The Kyoto Protocol, an environmental agreement adopted in 1997 by many of the parties to the United Nations Framework Convention on Climate Change (UNFCCC), is working towards curbing CO2 emissions globally.","National reporting to the United Nations Framework Convention on Climate Change that follows the Intergovernmental Panel on Climate Change guidelines is based on national emission inventories and covers all sources of anthropogenic carbon dioxide emissions as well as carbon sinks (such as forests). To estimate emissions, the countries that are Parties to the Climate Change Convention (UNFCCC) use complex, state-of-the-art methodologies recommended by the Intergovernmental Panel on Climate Change (IPCC).",,,https://datacatalog.worldbank.org/public-licenses#cc-by
EN.ATM.NOXE.AG.ZS,CC BY-4.0,Agricultural nitrous oxide emissions (% of total),"Agricultural nitrous oxide emissions are emissions produced through fertilizer use (synthetic and animal manure), animal waste management, agricultural waste burning (nonenergy, on-site), and savanna burning.","World Bank staff estimates from original source: European Commission, Joint Research Centre (JRC)/Netherlands Environmental Assessment Agency (PBL). Emission Database for Global Atmospheric Research (EDGAR): http://edgar.jrc.ec.europa.eu/.",Environment: Emissions,Annual,,Weighted average,"Agricultural nitrous oxide emissions are emissions produced through fertilizer use (synthetic and animal manure), animal waste management, agricultural waste burning (nonenergy, on-site), and savannah burning. IPCC category 4 = Agriculture. Expressed in CO2 equivalent using the GWP100 metric of the Second Assessment Report of IPCC and include N2O (GWP100=310).","The addition of man-made greenhouse gases to the Atmosphere disturbs the earth's radiative balance. This is leading to an increase in the earth's surface temperature and to related effects on climate, sea level rise and world agriculture. Emissions of CO2 are from burning oil, coal and gas for energy use, burning wood and waste materials, and from industrial processes such as cement production. Emission intensity is the average emission rate of a given pollutant from a given source relative to the intensity of a specific activity. Emission intensities are also used to compare the environmental impact of different fuels or activities. The related terms - emission factor and carbon intensity - are often used interchangeably.

The carbon dioxide emissions of a country are only an indicator of one greenhouse gas. For a more complete idea of how a country influences climate change, gases such as methane and nitrous oxide should be taken into account. This is particularly important in agricultural economies.

The environmental effects of carbon dioxide are of significant interest. Carbon dioxide (CO2) makes up the largest share of the greenhouse gases contributing to global warming and climate change. Converting all other greenhouse gases (methane (CH4), nitrous oxide (N2O), hydrofluorocarbons (HFCs), perfluorocarbons (PFCs), Sulphur hexafluoride (SF6)) to carbon dioxide (or CO2) equivalents makes it possible to compare them and to determine their individual and total contributions to global warming. The Kyoto Protocol, an environmental agreement adopted in 1997 by many of the parties to the United Nations Framework Convention on Climate Change (UNFCCC), is working towards curbing CO2 emissions globally.","National reporting to the United Nations Framework Convention on Climate Change that follows the Intergovernmental Panel on Climate Change guidelines is based on national emission inventories and covers all sources of anthropogenic carbon dioxide emissions as well as carbon sinks (such as forests). To estimate emissions, the countries that are Parties to the Climate Change Convention (UNFCCC) use complex, state-of-the-art methodologies recommended by the Intergovernmental Panel on Climate Change (IPCC).",,,https://datacatalog.worldbank.org/public-licenses#cc-by
EN.ATM.NOXE.AG.KT.CE,CC BY-4.0,Agricultural nitrous oxide emissions (thousand metric tons of CO2 equivalent),"Agricultural nitrous oxide emissions are emissions produced through fertilizer use (synthetic and animal manure), animal waste management, agricultural waste burning (nonenergy, on-site), and savanna burning.","European Commission, Joint Research Centre (JRC)/Netherlands Environmental Assessment Agency (PBL). Emission Database for Global Atmospheric Research (EDGAR): http://edgar.jrc.ec.europa.eu/",Environment: Emissions,Annual,,Sum,"Agricultural nitrous oxide emissions are emissions produced through fertilizer use (synthetic and animal manure), animal waste management, agricultural waste burning (nonenergy, on-site), and savannah burning. IPCC category 4 = Agriculture. Expressed in CO2 equivalent using the GWP100 metric of the Second Assessment Report of IPCC and include N2O (GWP100=310).","The addition of man-made greenhouse gases to the Atmosphere disturbs the earth's radiative balance. This is leading to an increase in the earth's surface temperature and to related effects on climate, sea level rise and world agriculture. Emissions of CO2 are from burning oil, coal and gas for energy use, burning wood and waste materials, and from industrial processes such as cement production. Emission intensity is the average emission rate of a given pollutant from a given source relative to the intensity of a specific activity. Emission intensities are also used to compare the environmental impact of different fuels or activities. The related terms - emission factor and carbon intensity - are often used interchangeably.

The carbon dioxide emissions of a country are only an indicator of one greenhouse gas. For a more complete idea of how a country influences climate change, gases such as methane and nitrous oxide should be taken into account. This is particularly important in agricultural economies.

The environmental effects of carbon dioxide are of significant interest. Carbon dioxide (CO2) makes up the largest share of the greenhouse gases contributing to global warming and climate change. Converting all other greenhouse gases (methane (CH4), nitrous oxide (N2O), hydrofluorocarbons (HFCs), perfluorocarbons (PFCs), Sulphur hexafluoride (SF6)) to carbon dioxide (or CO2) equivalents makes it possible to compare them and to determine their individual and total contributions to global warming. The Kyoto Protocol, an environmental agreement adopted in 1997 by many of the parties to the United Nations Framework Convention on Climate Change (UNFCCC), is working towards curbing CO2 emissions globally.","National reporting to the United Nations Framework Convention on Climate Change that follows the Intergovernmental Panel on Climate Change guidelines is based on national emission inventories and covers all sources of anthropogenic carbon dioxide emissions as well as carbon sinks (such as forests). To estimate emissions, the countries that are Parties to the Climate Change Convention (UNFCCC) use complex, state-of-the-art methodologies recommended by the Intergovernmental Panel on Climate Change (IPCC).",,,https://datacatalog.worldbank.org/public-licenses#cc-by
TX.VAL.AGRI.ZS.UN,CC BY-4.0,Agricultural raw materials exports (% of merchandise exports),"Agricultural raw materials comprise SITC section 2 (crude materials except fuels) excluding divisions 22, 27 (crude fertilizers and minerals excluding coal, petroleum, and precious stones), and 28 (metalliferous ores and scrap).",World Bank staff estimates through the WITS platform from the Comtrade database maintained by the United Nations Statistics Division.,Private Sector & Trade: Exports,Annual,,Weighted average,The classification of commodity groups is based on the Standard International Trade Classification (SITC) revision 3.,,Previous editions contained data based on the SITC revision 1. Data for earlier years in previous editions may differ because of the change in methodology. Concordance tables are available to convert data reported in one system to another.,Merchandise export shares may not sum to 100 percent because of unclassified trade.,,https://datacatalog.worldbank.org/public-licenses#cc-by
TM.VAL.AGRI.ZS.UN,CC BY-4.0,Agricultural raw materials imports (% of merchandise imports),"Agricultural raw materials comprise SITC section 2 (crude materials except fuels) excluding divisions 22, 27 (crude fertilizers and minerals excluding coal, petroleum, and precious stones), and 28 (metalliferous ores and scrap).",World Bank staff estimates through the WITS platform from the Comtrade database maintained by the United Nations Statistics Division.,Private Sector & Trade: Imports,Annual,,Weighted average,The classification of commodity groups is based on the Standard International Trade Classification (SITC) revision 3.,,Previous editions contained data based on the SITC revision 1. Data for earlier years in previous editions may differ because of the change in methodology. Concordance tables are available to convert data reported in one system to another.,Merchandise import shares may not sum to 100 percent because of unclassified trade.,,https://datacatalog.worldbank.org/public-licenses#cc-by
NV.AGR.TOTL.ZS,CC BY-4.0,"Agriculture, value added (% of GDP)","Agriculture corresponds to ISIC divisions 1-5 and includes forestry, hunting, and fishing, as well as cultivation of crops and livestock production. Value added is the net output of a sector after adding up all outputs and subtracting intermediate inputs. It is calculated without making deductions for depreciation of fabricated assets or depletion and degradation of natural resources. The origin of value added is determined by the International Standard Industrial Classification (ISIC), revision 3. Note: For VAB countries, gross value added at factor cost is used as the denominator.","World Bank national accounts data, and OECD National Accounts data files.",Economic Policy & Debt: National accounts: Shares of GDP & other,Annual,,Weighted average,"Gross domestic product (GDP) represents the sum of value added by all its producers. Value added is the value of the gross output of producers less the value of intermediate goods and services consumed in production, before accounting for consumption of fixed capital in production. The United Nations System of National Accounts calls for value added to be valued at either basic prices (excluding net taxes on products) or producer prices (including net taxes on products paid by producers but excluding sales or value added taxes). Both valuations exclude transport charges that are invoiced separately by producers. Total GDP is measured at purchaser prices. Value added by industry is normally measured at basic prices.",,"Among the difficulties faced by compilers of national accounts is the extent of unreported economic activity in the informal or secondary economy. In developing countries a large share of agricultural output is either not exchanged (because it is consumed within the household) or not exchanged for money. Agricultural production often must be estimated indirectly, using a combination of methods involving estimates of inputs, yields, and area under cultivation. This approach sometimes leads to crude approximations that can differ from the true values over time and across crops for reasons other than climate conditions or farming techniques. Similarly, agricultural inputs that cannot easily be allocated to specific outputs are frequently "netted out" using equally crude and ad hoc approximations.","Note: Data for OECD countries are based on ISIC, revision 4.",,https://datacatalog.worldbank.org/public-licenses#cc-by
NV.AGR.TOTL.KD.ZG,CC BY-4.0,"Agriculture, value added (annual % growth)","Annual growth rate for agricultural value added based on constant local currency. Aggregates are based on constant 2010 U.S. dollars. Agriculture corresponds to ISIC divisions 1-5 and includes forestry, hunting, and fishing, as well as cultivation of crops and livestock production. Value added is the net output of a sector after adding up all outputs and subtracting intermediate inputs. It is calculated without making deductions for depreciation of fabricated assets or depletion and degradation of natural resources. The origin of value added is determined by the International Standard Industrial Classification (ISIC), revision 3.","World Bank national accounts data, and OECD National Accounts data files.",Economic Policy & Debt: National accounts: Growth rates,Annual,,Weighted average,"Gross domestic product (GDP) represents the sum of value added by all its producers. Value added is the value of the gross output of producers less the value of intermediate goods and services consumed in production, before accounting for consumption of fixed capital in production. The United Nations System of National Accounts calls for value added to be valued at either basic prices (excluding net taxes on products) or producer prices (including net taxes on products paid by producers but excluding sales or value added taxes). Both valuations exclude transport charges that are invoiced separately by producers. Total GDP is measured at purchaser prices. Value added by industry is normally measured at basic prices.","An economy's growth is measured by the change in the volume of its output or in the real incomes of its residents. The 2008 United Nations System of National Accounts (2008 SNA) offers three plausible indicators for calculating growth: the volume of gross domestic product (GDP), real gross domestic income, and real gross national income. The volume of GDP is the sum of value added, measured at constant prices, by households, government, and industries operating in the economy. GDP accounts for all domestic production, regardless of whether the income accrues to domestic or foreign institutions.","Among the difficulties faced by compilers of national accounts is the extent of unreported economic activity in the informal or secondary economy. In developing countries a large share of agricultural output is either not exchanged (because it is consumed within the household) or not exchanged for money. Agricultural production often must be estimated indirectly, using a combination of methods involving estimates of inputs, yields, and area under cultivation. This approach sometimes leads to crude approximations that can differ from the true values over time and across crops for reasons other than climate conditions or farming techniques. Similarly, agricultural inputs that cannot easily be allocated to specific outputs are frequently "netted out" using equally crude and ad hoc approximations.","Note: Data for OECD countries are based on ISIC, revision 4.",,https://datacatalog.worldbank.org/public-licenses#cc-by
NV.AGR.TOTL.KD,CC BY-4.0,"Agriculture, value added (constant 2010 US$)","Agriculture corresponds to ISIC divisions 1-5 and includes forestry, hunting, and fishing, as well as cultivation of crops and livestock production. Value added is the net output of a sector after adding up all outputs and subtracting intermediate inputs. It is calculated without making deductions for depreciation of fabricated assets or depletion and degradation of natural resources. The origin of value added is determined by the International Standard Industrial Classification (ISIC), revision 3. Data are in constant 2010 U.S. dollars.","World Bank national accounts data, and OECD National Accounts data files.",Economic Policy & Debt: National accounts: US$ at constant 2010 prices: Value added,Annual,2010,Gap-filled total,"Gross domestic product (GDP) represents the sum of value added by all its producers. Value added is the value of the gross output of producers less the value of intermediate goods and services consumed in production, before accounting for consumption of fixed capital in production. The United Nations System of National Accounts calls for value added to be valued at either basic prices (excluding net taxes on products) or producer prices (including net taxes on products paid by producers but excluding sales or value added taxes). Both valuations exclude transport charges that are invoiced separately by producers. Total GDP is measured at purchaser prices. Value added by industry is normally measured at basic prices.","An economy's growth is measured by the change in the volume of its output or in the real incomes of its residents. The 2008 United Nations System of National Accounts (2008 SNA) offers three plausible indicators for calculating growth: the volume of gross domestic product (GDP), real gross domestic income, and real gross national income. The volume of GDP is the sum of value added, measured at constant prices, by households, government, and industries operating in the economy. GDP accounts for all domestic production, regardless of whether the income accrues to domestic or foreign institutions.","Among the difficulties faced by compilers of national accounts is the extent of unreported economic activity in the informal or secondary economy. In developing countries a large share of agricultural output is either not exchanged (because it is consumed within the household) or not exchanged for money. Agricultural production often must be estimated indirectly, using a combination of methods involving estimates of inputs, yields, and area under cultivation. This approach sometimes leads to crude approximations that can differ from the true values over time and across crops for reasons other than climate conditions or farming techniques. Similarly, agricultural inputs that cannot easily be allocated to specific outputs are frequently "netted out" using equally crude and ad hoc approximations.","Note: Data for OECD countries are based on ISIC, revision 4.",,https://datacatalog.worldbank.org/public-licenses#cc-by
NV.AGR.TOTL.KN,CC BY-4.0,"Agriculture, value added (constant LCU)","Agriculture corresponds to ISIC divisions 1-5 and includes forestry, hunting, and fishing, as well as cultivation of crops and livestock production. Value added is the net output of a sector after adding up all outputs and subtracting intermediate inputs. It is calculated without making deductions for depreciation of fabricated assets or depletion and degradation of natural resources. The origin of value added is determined by the International Standard Industrial Classification (ISIC), revision 3. Data are in constant local currency.","World Bank national accounts data, and OECD National Accounts data files.",Economic Policy & Debt: National accounts: Local currency at constant prices: Value added,Annual,varies by country,,,,,"Note: Data for OECD countries are based on ISIC, revision 4.",,https://datacatalog.worldbank.org/public-licenses#cc-by
NV.AGR.TOTL.CN,CC BY-4.0,"Agriculture, value added (current LCU)","Agriculture corresponds to ISIC divisions 1-5 and includes forestry, hunting, and fishing, as well as cultivation of crops and livestock production. Value added is the net output of a sector after adding up all outputs and subtracting intermediate inputs. It is calculated without making deductions for depreciation of fabricated assets or depletion and degradation of natural resources. The origin of value added is determined by the International Standard Industrial Classification (ISIC), revision 3. Data are in current local currency.","World Bank national accounts data, and OECD National Accounts data files.",Economic Policy & Debt: National accounts: Local currency at current prices: Value added,Annual,,,,,,"Note: Data for OECD countries are based on ISIC, revision 4.",,https://datacatalog.worldbank.org/public-licenses#cc-by
NV.AGR.TOTL.CD,CC BY-4.0,"Agriculture, value added (current US$)","Agriculture corresponds to ISIC divisions 1-5 and includes forestry, hunting, and fishing, as well as cultivation of crops and livestock production. Value added is the net output of a sector after adding up all outputs and subtracting intermediate inputs. It is calculated without making deductions for depreciation of fabricated assets or depletion and degradation of natural resources. The origin of value added is determined by the International Standard Industrial Classification (ISIC), revision 3. Data are in current U.S. dollars.","World Bank national accounts data, and OECD National Accounts data files.",Economic Policy & Debt: National accounts: US$ at current prices: Value added,Annual,,Gap-filled total,"Gross domestic product (GDP) represents the sum of value added by all its producers. Value added is the value of the gross output of producers less the value of intermediate goods and services consumed in production, before accounting for consumption of fixed capital in production. The United Nations System of National Accounts calls for value added to be valued at either basic prices (excluding net taxes on products) or producer prices (including net taxes on products paid by producers but excluding sales or value added taxes). Both valuations exclude transport charges that are invoiced separately by producers. Total GDP is measured at purchaser prices. Value added by industry is normally measured at basic prices.",,"Among the difficulties faced by compilers of national accounts is the extent of unreported economic activity in the informal or secondary economy. In developing countries a large share of agricultural output is either not exchanged (because it is consumed within the household) or not exchanged for money. Agricultural production often must be estimated indirectly, using a combination of methods involving estimates of inputs, yields, and area under cultivation. This approach sometimes leads to crude approximations that can differ from the true values over time and across crops for reasons other than climate conditions or farming techniques. Similarly, agricultural inputs that cannot easily be allocated to specific outputs are frequently "netted out" using equally crude and ad hoc approximations.","Note: Data for OECD countries are based on ISIC, revision 4.",,https://datacatalog.worldbank.org/public-licenses#cc-by
NV.AGR.EMPL.KD,CC BY-4.0,"Agriculture, value added per worker (constant 2010 US$)","Value added per worker is a measure of labor productivity—value added per unit of input. Value added denotes the net output of a sector after adding up all outputs and subtracting intermediate inputs. Data are in constant 2010 U.S. dollars. Agriculture corresponds to the International Standard Industrial Classification (ISIC) tabulation categories A and B (revision 3) or tabulation category A (revision 4), and includes forestry, hunting, and fishing as well as cultivation of crops and livestock production.","Derived using World Bank national accounts data and OECD National Accounts data files, and employment data from International Labour Organization, ILOSTAT database.",Economic Policy & Debt: National accounts: US$ at constant 2010 prices: Value added,Annual,2010,Weighted Average,"Value added per worker is calculated by dividing value added of a sector by the number employed in the sector.  
Gross domestic product (GDP) represents the sum of value added by all producers. Value added is the value of the gross output of producers less the value of intermediate goods and services consumed in production, before accounting for consumption of fixed capital in production. The United Nations System of National Accounts calls for value added to be valued at either basic prices (excluding net taxes on products) or producer prices (including net taxes on products paid by producers but excluding sales or value added taxes). Both valuations exclude transport charges that are invoiced separately by producers. Value added by industry is normally measured at basic prices, while total GDP is measured at purchaser prices. 
Data on employment are modeled estimates by the International Labour Organization (ILO) ILOSTAT database. The concept of employment generally refers to people above a certain age who worked, or who held a job, during a reference period. Employment data include both full-time and part-time workers.","Labor productivity is used to assess a country's economic ability to create and sustain decent employment opportunities with fair and equitable remuneration. Productivity increases obtained through investment, trade, technological progress, or changes in work organization can increase social protection and reduce poverty, which in turn reduce vulnerable employment and working poverty. Productivity increases do not guarantee these improvements, but without them—and the economic growth they bring—improvements are highly unlikely. Please also see GDP per person employed (constant 2011 PPP $) [SL.GDP.PCAP.EM.KD], which is a key measure for monitoring the Sustainable Development Goal 8 of promoting sustained, inclusive and sustainable economic growth, full and productive employment and decent work for all.","For comparability of individual sectors labor productivity is estimated according to national accounts conventions. However, there are still significant limitations on the availability of reliable data. Information on consistent series of output is not easily available, especially in low- and middle-income countries, because the definition, coverage, and methodology are not always consistent across countries. For more details, see Agriculture, value added (constant 2010 US$) [NV.AGR.TOTL.KD], Industry, value added (constant 2010 US$) [NV.IND.TOTL.KD], and Services, etc., value added (constant 2010 US$) [NV.SRV.TOTL.KD].",,Caution should be used for aggregates (population-weighted averages); world totals can be presented without a large economy such as USA.,https://datacatalog.worldbank.org/public-licenses#cc-by
ER.H2O.FWAG.ZS,CC BY-4.0,"Annual freshwater withdrawals, agriculture (% of total freshwater withdrawal)","Annual freshwater withdrawals refer to total water withdrawals, not counting evaporation losses from storage basins. Withdrawals also include water from desalination plants in countries where they are a significant source. Withdrawals can exceed 100 percent of total renewable resources where extraction from nonrenewable aquifers or desalination plants is considerable or where there is significant water reuse. Withdrawals for agriculture are total withdrawals for irrigation and livestock production. Data are for the most recent year available for 1987-2002.","Food and Agriculture Organization, AQUASTAT data.",Environment: Freshwater,Annual,,Weighted average,"This indicator measures the pressure on the renewable water resources of a country caused by irrigation. According to Commission on Sustainable Development (CSD) agriculture accounts for more than 70 percent of freshwater drawn from lakes, rivers and underground sources. Most is used for irrigation which provides about 40 percent of the world food production. Poor management has resulted in the salinization of about 20 percent of the world's irrigated land, with an additional 1.5 million ha affected annually.

Water withdrawals can exceed 100 percent of total renewable resources where extraction from nonrenewable aquifers or desalination plants is considerable or where water reuse is significant. Withdrawals for agriculture and industry are total withdrawals for irrigation and livestock production and for direct industrial use (including for cooling thermoelectric plants).","While some countries have an abundant supply of fresh water, others do not have as much. UN estimates that many areas of the world are already experiencing stress on water availability. Due to the accelerated pace of population growth and an increase in the amount of water a single person uses, it is expected that this situation will continue to get worse. The ability of developing countries to make more water available for domestic, agricultural, industrial and environmental uses will depend on better management of water resources and more cross-sectoral planning and integration. According to World Water Council, by 2020, water use is expected to increase by 40 percent, and 17 percent more water will be required for food production to meet the needs of the growing population. The three major factors causing increasing water demand over the past century are population growth, industrial development and the expansion of irrigated agriculture.

There is now ample evidence that increased hydrologic variability and change in climate has and will continue to have a profound impact on the water sector through the hydrologic cycle, water availability, water demand, and water allocation at the global, regional, basin, and local levels. Properly managed water resources are a critical component of growth, poverty reduction and equity. The livelihoods of the poorest are critically associated with access to water services. A shortage of water in the future would be detrimental to the human population as it would affect everything from sanitation, to overall health and the production of grain.

Freshwater use by continents is partly based on several socio-economic development factors, including population, physiography, and climatic characteristics. It is estimated that in the coming decades the most intensive growth of water withdrawal is expected to occur in Africa and South America (increasing by 1.5-1.6 times), while the smallest growth will take place in Europe and North America (1.2 times).","A common perception is that most of the available freshwater resources are visible (on the surfaces of lakes, reservoirs and rivers). However, this visible water represents only a tiny fraction of global freshwater resources, as most of it is stored in aquifers, with the largest stocks stored in solid form in the Antarctic and in Greenland's ice cap.

The data on freshwater resources are based on estimates of runoff into rivers and recharge of groundwater. These estimates are based on different sources and refer to different years, so cross-country comparisons should be made with caution. Because the data are collected intermittently, they may hide significant variations in total renewable water resources from year to year. The data also fail to distinguish between seasonal and geographic variations in water availability within countries. Data for small countries and countries in arid and semiarid zones are less reliable than those for larger countries and countries with greater rainfall.

Caution should also be used in comparing data on annual freshwater withdrawals, which are subject to variations in collection and estimation methods. In addition, inflows and outflows are estimated at different times and at different levels of quality and precision, requiring caution in interpreting the data, particularly for water-short countries, notably in the Middle East and North Africa.

The data are based on surveys and estimates provided by governments to the Joint Monitoring Programme of the World Health Organization (WHO) and the United Nations Children's Fund (UNICEF). The coverage rates are based on information from service users on actual household use rather than on information from service providers, which may include nonfunctioning systems.",,,https://datacatalog.worldbank.org/public-licenses#cc-by
SL.AGR.0714.ZS,CC BY-4.0,Child employment in agriculture (% of economically active children ages 7-14),"Employment by economic activity refers to the distribution of economically active children by the major industrial categories of the International Standard Industrial Classification (ISIC). Agriculture corresponds to division 1 (ISIC revision 2), categories A and B (ISIC revision 3), or category A (ISIC revision 4) and includes hunting, forestry, and fishing. Economically active children refer to children involved in economic activity for at least one hour in the reference week of the survey.","Understanding Children's Work project based on data from ILO, UNICEF and the World Bank.",Social Protection & Labor: Economic activity,Annual,,,"Data are from household surveys by the International Labor Organization (ILO), the United Nations Children's Fund (UNICEF), the World Bank, and national statistical offices. The surveys yield data on education, employment, health, expenditure, and consumption indicators related to children's work. Since children's work is captured in the sense of "economic activity," the data refer to children in employment, a broader concept than child labor (see ILO 2009a for details on this distinction).

Household survey data generally include information on work type - for example, whether a child is working for payment in cash or in kind or is involved in unpaid work, working for someone who is not a member of the household, or involved in any type of family work (on the farm or in a business).","In most countries more boys are involved in employment, or the gender difference is small. However, girls are often more present in hidden or underreported forms of employment such as domestic service, and in almost all societies girls bear greater responsibility for household chores in their own homes, work that lies outside the System of National Accounts production boundary and is thus not considered in estimates of children's employment.","Although efforts are made to harmonize the definition of employment and the questions on employment in survey questionnaires, significant differences remain in the survey instruments that collect data on children in employment and in the sampling design underlying the surveys. Differences exist not only across different household surveys in the same country but also across the same type of survey carried out in different countries, so estimates of working children are not fully comparable across countries. In addition, the shares of three sectors (Agriculture, Manufacturing and Services) may not add up to 100 percent because of a residual category not included.",,,https://datacatalog.worldbank.org/public-licenses#cc-by
SL.AGR.0714.FE.ZS,CC BY-4.0,"Child employment in agriculture, female (% of female economically active children ages 7-14)","Employment by economic activity refers to the distribution of economically active children by the major industrial categories of the International Standard Industrial Classification (ISIC). Agriculture corresponds to division 1 (ISIC revision 2), categories A and B (ISIC revision 3), or category A (ISIC revision 4) and includes hunting, forestry, and fishing. Economically active children refer to children involved in economic activity for at least one hour in the reference week of the survey.","Understanding Children's Work project based on data from ILO, UNICEF and the World Bank.",Social Protection & Labor: Economic activity,Annual,,,"Data are from household surveys by the International Labor Organization (ILO), the United Nations Children's Fund (UNICEF), the World Bank, and national statistical offices. The surveys yield data on education, employment, health, expenditure, and consumption indicators related to children's work. Since children's work is captured in the sense of "economic activity," the data refer to children in employment, a broader concept than child labor (see ILO 2009a for details on this distinction).

Household survey data generally include information on work type - for example, whether a child is working for payment in cash or in kind or is involved in unpaid work, working for someone who is not a member of the household, or involved in any type of family work (on the farm or in a business).","In most countries more boys are involved in employment, or the gender difference is small. However, girls are often more present in hidden or underreported forms of employment such as domestic service, and in almost all societies girls bear greater responsibility for household chores in their own homes, work that lies outside the System of National Accounts production boundary and is thus not considered in estimates of children's employment.","Although efforts are made to harmonize the definition of employment and the questions on employment in survey questionnaires, significant differences remain in the survey instruments that collect data on children in employment and in the sampling design underlying the surveys. Differences exist not only across different household surveys in the same country but also across the same type of survey carried out in different countries, so estimates of working children are not fully comparable across countries. In addition, the shares of three sectors (Agriculture, Manufacturing and Services) may not add up to 100 percent because of a residual category not included.",,,https://datacatalog.worldbank.org/public-licenses#cc-by
SL.AGR.0714.MA.ZS,CC BY-4.0,"Child employment in agriculture, male (% of male economically active children ages 7-14)","Employment by economic activity refers to the distribution of economically active children by the major industrial categories of the International Standard Industrial Classification (ISIC). Agriculture corresponds to division 1 (ISIC revision 2), categories A and B (ISIC revision 3), or category A (ISIC revision 4) and includes hunting, forestry, and fishing. Economically active children refer to children involved in economic activity for at least one hour in the reference week of the survey.","Understanding Children's Work project based on data from ILO, UNICEF and the World Bank.",Social Protection & Labor: Economic activity,Annual,,,"Data are from household surveys by the International Labor Organization (ILO), the United Nations Children's Fund (UNICEF), the World Bank, and national statistical offices. The surveys yield data on education, employment, health, expenditure, and consumption indicators related to children's work. Since children's work is captured in the sense of "economic activity," the data refer to children in employment, a broader concept than child labor (see ILO 2009a for details on this distinction).

Household survey data generally include information on work type - for example, whether a child is working for payment in cash or in kind or is involved in unpaid work, working for someone who is not a member of the household, or involved in any type of family work (on the farm or in a business).","In most countries more boys are involved in employment, or the gender difference is small. However, girls are often more present in hidden or underreported forms of employment such as domestic service, and in almost all societies girls bear greater responsibility for household chores in their own homes, work that lies outside the System of National Accounts production boundary and is thus not considered in estimates of children's employment.","Although efforts are made to harmonize the definition of employment and the questions on employment in survey questionnaires, significant differences remain in the survey instruments that collect data on children in employment and in the sampling design underlying the surveys. Differences exist not only across different household surveys in the same country but also across the same type of survey carried out in different countries, so estimates of working children are not fully comparable across countries. In addition, the shares of three sectors (Agriculture, Manufacturing and Services) may not add up to 100 percent because of a residual category not included.",,,https://datacatalog.worldbank.org/public-licenses#cc-by
SL.AGR.EMPL.ZS,CC BY-4.0,Employment in agriculture (% of total employment) (modeled ILO estimate),"Employment is defined as persons of working age who were engaged in any activity to produce goods or provide services for pay or profit, whether at work during the reference period or not at work due to temporary absence from a job, or to working-time arrangement. The agriculture sector consists of activities in agriculture, hunting, forestry and fishing, in accordance with division 1 (ISIC 2) or categories A-B (ISIC 3) or category A (ISIC 4).","International Labour Organization, ILOSTAT database. Data retrieved on January 29, 2021.",Social Protection & Labor: Economic activity,Annual,,Weighted average,"The International Labour Organization (ILO) classifies economic activity using the International Standard Industrial Classification (ISIC) of All Economic Activities, revision 2 (1968), revision 3 (1990), and revision 4 (2008). Because this classification is based on where work is performed (industry) rather than type of work performed (occupation), all of an enterprise's employees are classified under the same industry, regardless of their trade or occupation. The categories should sum to 100 percent. Where they do not, the differences are due to workers who are not classified by economic activity.

The series is part of the ILO estimates and is harmonized to ensure comparability across countries and over time by accounting for differences in data source, scope of coverage, methodology, and other country-specific factors. The estimates are based mainly on nationally representative labor force surveys, with other sources (population censuses and nationally reported estimates) used only when no survey data are available.","Sectoral information is particularly useful in identifying broad shifts in employment and stages of development. In the textbook case of economic development, labour flows from agriculture and other labour-intensive primary activities to industry and finally to the services sector; in the process, workers migrate from rural to urban areas.

The breakdown of the indicator by sex allows for analysis of gender segregation of employment by specific sector. Women may be drawn into lower-paying service activities that allow for more flexible work schedules thus making it easier to balance family responsibilities with work life. Segregation of women in certain sectors may also result from cultural attitudes that prevent them from entering industrial employment.
Segregating one sex in a narrow range of occupations significantly reduces economic efficiency by reducing labor market flexibility and thus the economy's ability to adapt to change. This segregation is particularly harmful for women, who have a much narrower range of labor market choices and lower levels of pay than men. But it is also detrimental to men when job losses are concentrated in industries dominated by men and job growth is centered in service occupations, where women have better chances, as has been the recent experience in many countries.","There are many differences in how countries define and measure employment status, particularly members of the armed forces, self-employed workers, and unpaid family workers. Where members of the armed forces are included, they are allocated to the service sector, causing that sector to be somewhat overstated relative to the service sector in economies where they are excluded. Where data are obtained from establishment surveys, data cover only employees; thus self-employed and unpaid family workers are excluded. In such cases the employment share of the agricultural sector is severely underreported. Caution should be also used where the data refer only to urban areas, which record little or no agricultural work. Moreover, the age group and area covered could differ by country or change over time within a country. For detailed information, consult the original source.

Countries also take different approaches to the treatment of unemployed people. In most countries unemployed people with previous job experience are classified according to their last job. But in some countries the unemployed and people seeking their first job are not classifiable by economic activity. Because of these differences, the size and distribution of employment by economic activity may not be fully comparable across countries.

The ILO reports data by major divisions of the ISIC revision 2, revision 3, or revision 4. Broad classification such as employment by agriculture, industry, and services may obscure fundamental shifts within countries' industrial patterns. A slight majority of countries report economic activity according to the ISIC revision 3 instead of revision 2 or revision 4. The use of one classification or the other should not have a significant impact on the information for the employment of the three broad sectorsdata.",,,https://datacatalog.worldbank.org/public-licenses#cc-by
SL.AGR.EMPL.FE.ZS,CC BY-4.0,"Employment in agriculture, female (% of female employment) (modeled ILO estimate)","Employment is defined as persons of working age who were engaged in any activity to produce goods or provide services for pay or profit, whether at work during the reference period or not at work due to temporary absence from a job, or to working-time arrangement. The agriculture sector consists of activities in agriculture, hunting, forestry and fishing, in accordance with division 1 (ISIC 2) or categories A-B (ISIC 3) or category A (ISIC 4).","International Labour Organization, ILOSTAT database. Data retrieved on January 29, 2021.",Social Protection & Labor: Economic activity,Annual,,Weighted average,"The International Labour Organization (ILO) classifies economic activity using the International Standard Industrial Classification (ISIC) of All Economic Activities, revision 2 (1968), revision 3 (1990), and revision 4 (2008). Because this classification is based on where work is performed (industry) rather than type of work performed (occupation), all of an enterprise's employees are classified under the same industry, regardless of their trade or occupation. The categories should sum to 100 percent. Where they do not, the differences are due to workers who are not classified by economic activity.

The series is part of the ILO estimates and is harmonized to ensure comparability across countries and over time by accounting for differences in data source, scope of coverage, methodology, and other country-specific factors. The estimates are based mainly on nationally representative labor force surveys, with other sources (population censuses and nationally reported estimates) used only when no survey data are available.","Sectoral information is particularly useful in identifying broad shifts in employment and stages of development. In the textbook case of economic development, labour flows from agriculture and other labour-intensive primary activities to industry and finally to the services sector; in the process, workers migrate from rural to urban areas.

The breakdown of the indicator by sex allows for analysis of gender segregation of employment by specific sector. Women may be drawn into lower-paying service activities that allow for more flexible work schedules thus making it easier to balance family responsibilities with work life. Segregation of women in certain sectors may also result from cultural attitudes that prevent them from entering industrial employment.
Segregating one sex in a narrow range of occupations significantly reduces economic efficiency by reducing labor market flexibility and thus the economy's ability to adapt to change. This segregation is particularly harmful for women, who have a much narrower range of labor market choices and lower levels of pay than men. But it is also detrimental to men when job losses are concentrated in industries dominated by men and job growth is centered in service occupations, where women have better chances, as has been the recent experience in many countries.","There are many differences in how countries define and measure employment status, particularly members of the armed forces, self-employed workers, and unpaid family workers. Where members of the armed forces are included, they are allocated to the service sector, causing that sector to be somewhat overstated relative to the service sector in economies where they are excluded. Where data are obtained from establishment surveys, data cover only employees; thus self-employed and unpaid family workers are excluded. In such cases the employment share of the agricultural sector is severely underreported. Caution should be also used where the data refer only to urban areas, which record little or no agricultural work. Moreover, the age group and area covered could differ by country or change over time within a country. For detailed information, consult the original source.

Countries also take different approaches to the treatment of unemployed people. In most countries unemployed people with previous job experience are classified according to their last job. But in some countries the unemployed and people seeking their first job are not classifiable by economic activity. Because of these differences, the size and distribution of employment by economic activity may not be fully comparable across countries.

The ILO reports data by major divisions of the ISIC revision 2, revision 3, or revision 4. Broad classification such as employment by agriculture, industry, and services may obscure fundamental shifts within countries' industrial patterns. A slight majority of countries report economic activity according to the ISIC revision 3 instead of revision 2 or revision 4. The use of one classification or the other should not have a significant impact on the information for the employment of the three broad sectorsdata.",,,https://datacatalog.worldbank.org/public-licenses#cc-by
SL.AGR.EMPL.MA.ZS,CC BY-4.0,"Employment in agriculture, male (% of male employment) (modeled ILO estimate)","Employment is defined as persons of working age who were engaged in any activity to produce goods or provide services for pay or profit, whether at work during the reference period or not at work due to temporary absence from a job, or to working-time arrangement. The agriculture sector consists of activities in agriculture, hunting, forestry and fishing, in accordance with division 1 (ISIC 2) or categories A-B (ISIC 3) or category A (ISIC 4).","International Labour Organization, ILOSTAT database. Data retrieved on January 29, 2021.",Social Protection & Labor: Economic activity,Annual,,Weighted average,"The International Labour Organization (ILO) classifies economic activity using the International Standard Industrial Classification (ISIC) of All Economic Activities, revision 2 (1968), revision 3 (1990), and revision 4 (2008). Because this classification is based on where work is performed (industry) rather than type of work performed (occupation), all of an enterprise's employees are classified under the same industry, regardless of their trade or occupation. The categories should sum to 100 percent. Where they do not, the differences are due to workers who are not classified by economic activity.

The series is part of the ILO estimates and is harmonized to ensure comparability across countries and over time by accounting for differences in data source, scope of coverage, methodology, and other country-specific factors. The estimates are based mainly on nationally representative labor force surveys, with other sources (population censuses and nationally reported estimates) used only when no survey data are available.","Sectoral information is particularly useful in identifying broad shifts in employment and stages of development. In the textbook case of economic development, labour flows from agriculture and other labour-intensive primary activities to industry and finally to the services sector; in the process, workers migrate from rural to urban areas.

The breakdown of the indicator by sex allows for analysis of gender segregation of employment by specific sector. Women may be drawn into lower-paying service activities that allow for more flexible work schedules thus making it easier to balance family responsibilities with work life. Segregation of women in certain sectors may also result from cultural attitudes that prevent them from entering industrial employment.
Segregating one sex in a narrow range of occupations significantly reduces economic efficiency by reducing labor market flexibility and thus the economy's ability to adapt to change. This segregation is particularly harmful for women, who have a much narrower range of labor market choices and lower levels of pay than men. But it is also detrimental to men when job losses are concentrated in industries dominated by men and job growth is centered in service occupations, where women have better chances, as has been the recent experience in many countries.","There are many differences in how countries define and measure employment status, particularly members of the armed forces, self-employed workers, and unpaid family workers. Where members of the armed forces are included, they are allocated to the service sector, causing that sector to be somewhat overstated relative to the service sector in economies where they are excluded. Where data are obtained from establishment surveys, data cover only employees; thus self-employed and unpaid family workers are excluded. In such cases the employment share of the agricultural sector is severely underreported. Caution should be also used where the data refer only to urban areas, which record little or no agricultural work. Moreover, the age group and area covered could differ by country or change over time within a country. For detailed information, consult the original source.

Countries also take different approaches to the treatment of unemployed people. In most countries unemployed people with previous job experience are classified according to their last job. But in some countries the unemployed and people seeking their first job are not classifiable by economic activity. Because of these differences, the size and distribution of employment by economic activity may not be fully comparable across countries.

The ILO reports data by major divisions of the ISIC revision 2, revision 3, or revision 4. Broad classification such as employment by agriculture, industry, and services may obscure fundamental shifts within countries' industrial patterns. A slight majority of countries report economic activity according to the ISIC revision 3 instead of revision 2 or revision 4. The use of one classification or the other should not have a significant impact on the information for the employment of the three broad sectorsdata.",,,https://datacatalog.worldbank.org/public-licenses#cc-by
